customer_name,total_amount,order_date
Customer_125,10643.48,2025-01-01
Customer_195,8666.86,2025-01-01
Customer_215,2770.97,2025-01-01
Customer_38,9695.89,2025-01-01
Customer_154,33881.09,2025-01-02
Customer_171,36013.06,2025-01-02
Customer_125,7766.43,2025-01-02
Customer_77,42641.97,2025-01-02
Customer_104,41838.17,2025-01-02
Customer_114,45731.38,2025-01-03
Customer_85,28550.35,2025-01-03
Customer_89,48577.94,2025-01-03
Customer_124,26890.81,2025-01-03
Customer_119,33383.86,2025-01-03
Customer_59,12335.76,2025-01-03
Customer_137,7991.31,2025-01-03
Customer_18,39405.15,2025-01-03
Customer_21,10945.44,2025-01-03
Customer_55,43490.09,2025-01-03
Customer_78,45714.71,2025-01-04
Customer_191,4039.48,2025-01-04
Customer_212,37086.88,2025-01-04
Customer_42,9893.57,2025-01-04
Customer_171,1251.49,2025-01-04
Customer_212,15157.09,2025-01-05
Customer_80,36878.55,2025-01-05
Customer_130,23990.73,2025-01-05
Customer_82,38181.96,2025-01-05
Customer_15,29831.48,2025-01-05
Customer_14,39528.27,2025-01-05
Customer_36,33721.77,2025-01-06
Customer_25,6783.67,2025-01-06
Customer_125,12588.12,2025-01-06
Customer_100,49650.2,2025-01-06
Customer_42,49143.89,2025-01-06
Customer_24,15821.26,2025-01-07
Customer_187,36376.03,2025-01-07
Customer_210,23604.15,2025-01-07
Customer_36,44657.31,2025-01-07
Customer_171,36423.02,2025-01-08
Customer_7,46334.7,2025-01-08
Customer_23,25133.25,2025-01-08
Customer_37,34727.66,2025-01-08
Customer_41,17058.83,2025-01-08
Customer_120,4745.7,2025-01-08
Customer_166,3651.51,2025-01-08
Customer_191,47315.74,2025-01-09
Customer_97,1065.55,2025-01-09
Customer_169,17849.31,2025-01-09
Customer_191,25704.54,2025-01-09
Customer_157,7359.98,2025-01-09
Customer_38,41828.32,2025-01-09
Customer_200,30842.79,2025-01-09
Customer_50,25423.37,2025-01-09
Customer_6,40243.07,2025-01-10
Customer_56,10835.48,2025-01-10
Customer_199,35693.62,2025-01-11
Customer_58,27599.5,2025-01-11
Customer_101,48932.65,2025-01-12
Customer_75,6073.61,2025-01-12
Customer_194,13489.52,2025-01-12
Customer_101,49321.25,2025-01-13
Customer_119,28684.87,2025-01-14
Customer_3,31527.62,2025-01-15
Customer_18,28844.19,2025-01-15
Customer_182,10021.39,2025-01-16
Customer_153,45746.65,2025-01-16
Customer_176,45394.26,2025-01-16
Customer_22,3641.14,2025-01-16
Customer_121,30736.15,2025-01-16
Customer_44,32172.14,2025-01-16
Customer_142,45107.93,2025-01-16
Customer_165,34988.05,2025-01-17
Customer_180,42927.99,2025-01-17
Customer_11,44396.04,2025-01-17
Customer_133,8733.21,2025-01-17
Customer_164,15489.93,2025-01-18
Customer_107,45374.43,2025-01-18
Customer_219,2200.66,2025-01-18
Customer_92,22198.38,2025-01-18
Customer_76,11055.69,2025-01-19
Customer_41,29362.17,2025-01-19
Customer_133,20987.57,2025-01-19
Customer_121,34195.59,2025-01-19
Customer_65,4472.69,2025-01-19
Customer_153,42190.13,2025-01-19
Customer_76,5341.02,2025-01-19
Customer_134,21615.5,2025-01-20
Customer_173,36544.82,2025-01-20
Customer_120,30012.55,2025-01-20
Customer_76,10266.54,2025-01-20
Customer_173,20428.45,2025-01-20
Customer_165,17922.63,2025-01-20
Customer_78,19073.93,2025-01-20
Customer_64,2737.91,2025-01-20
Customer_94,31369.62,2025-01-21
Customer_100,31675.28,2025-01-21
Customer_40,7830.44,2025-01-21
Customer_78,28759.9,2025-01-21
Customer_107,46112.74,2025-01-21
Customer_114,4707.65,2025-01-22
Customer_81,33118.8,2025-01-22
Customer_91,36132.35,2025-01-22
Customer_151,47806.21,2025-01-22
Customer_130,18137.18,2025-01-23
Customer_188,8221.15,2025-01-23
Customer_45,18645.88,2025-01-23
Customer_176,18102.85,2025-01-23
Customer_65,11105.98,2025-01-23
Customer_82,4547.17,2025-01-24
Customer_199,28166.4,2025-01-24
Customer_218,36246.28,2025-01-24
Customer_93,7666.11,2025-01-24
Customer_163,21113.07,2025-01-24
Customer_195,24030.68,2025-01-25
Customer_133,22143.78,2025-01-25
Customer_164,21884.42,2025-01-25
Customer_143,33979.27,2025-01-25
Customer_6,27721.04,2025-01-25
Customer_192,35712.17,2025-01-25
Customer_149,10114.93,2025-01-26
Customer_125,44911.7,2025-01-27
Customer_50,22434.97,2025-01-27
Customer_10,17379.12,2025-01-27
Customer_94,41766.2,2025-01-28
Customer_130,26639.98,2025-01-28
Customer_83,17678.5,2025-01-28
Customer_186,39773.28,2025-01-28
Customer_73,17611.78,2025-01-28
Customer_178,34940.9,2025-01-28
Customer_26,22880.27,2025-01-29
Customer_49,32582.27,2025-01-29
Customer_162,37868.1,2025-01-29
Customer_87,21600.47,2025-01-29
Customer_57,18983.63,2025-01-29
Customer_13,22577.66,2025-01-30
Customer_183,26236.28,2025-01-30
Customer_32,35293.29,2025-01-31
Customer_144,11461.6,2025-01-31
Customer_120,32059.65,2025-01-31
Customer_126,26304.71,2025-01-31
Customer_217,23514.6,2025-01-31
Customer_18,6156.67,2025-01-31
Customer_180,23281.41,2025-02-01
Customer_216,19879.7,2025-02-01
Customer_128,27155.92,2025-02-01
Customer_219,7596.81,2025-02-01
Customer_111,7068.95,2025-02-02
Customer_135,17290.45,2025-02-02
Customer_68,22037.81,2025-02-02
Customer_9,4778.35,2025-02-03
Customer_62,25551.3,2025-02-03
Customer_24,27760.63,2025-02-03
Customer_183,42517.35,2025-02-04
Customer_122,16134.57,2025-02-04
Customer_98,37928.6,2025-02-05
Customer_33,5342.38,2025-02-05
Customer_73,8034.64,2025-02-05
Customer_173,33126.13,2025-02-05
Customer_194,1232.19,2025-02-05
Customer_60,30997.08,2025-02-05
Customer_148,43619.61,2025-02-05
Customer_161,14190.32,2025-02-05
Customer_73,3790.09,2025-02-06
Customer_42,20702.61,2025-02-06
Customer_190,24374.5,2025-02-06
Customer_9,14427.57,2025-02-07
Customer_55,29857.77,2025-02-07
Customer_53,18235.84,2025-02-07
Customer_193,33008.27,2025-02-07
Customer_129,7207.45,2025-02-08
Customer_48,46716.88,2025-02-08
Customer_90,5085.89,2025-02-09
Customer_122,12722.1,2025-02-09
Customer_18,48513.68,2025-02-09
Customer_129,6261.42,2025-02-09
Customer_216,5859.98,2025-02-09
Customer_69,31465.94,2025-02-09
Customer_110,26545.91,2025-02-09
Customer_102,1199.78,2025-02-09
Customer_24,24784.46,2025-02-10
Customer_190,47534.78,2025-02-10
Customer_22,16185.18,2025-02-10
Customer_39,36156.36,2025-02-10
Customer_211,22533.9,2025-02-11
Customer_186,13894.11,2025-02-12
Customer_75,10125.99,2025-02-12
Customer_155,13738.61,2025-02-13
Customer_190,29562.85,2025-02-13
Customer_77,14318.9,2025-02-13
Customer_219,44785.13,2025-02-13
Customer_134,37620.8,2025-02-14
Customer_100,36464.7,2025-02-14
Customer_6,27918.42,2025-02-14
Customer_205,20594.48,2025-02-14
Customer_149,11719.1,2025-02-14
Customer_72,4219.68,2025-02-15
Customer_16,5344.37,2025-02-15
Customer_114,30930.71,2025-02-15
Customer_207,25254.14,2025-02-15
Customer_14,28985.77,2025-02-15
Customer_76,13509.78,2025-02-16
Customer_76,20284.8,2025-02-17
Customer_56,11288.35,2025-02-17
Customer_171,34045.84,2025-02-18
Customer_115,43660.29,2025-02-18
Customer_108,14774.16,2025-02-19
Customer_65,7130.78,2025-02-19
Customer_205,13619.92,2025-02-19
Customer_192,20578.47,2025-02-19
Customer_143,49660.42,2025-02-19
Customer_27,49144.1,2025-02-19
Customer_69,8742.02,2025-02-19
Customer_62,3650.72,2025-02-20
Customer_98,11564.49,2025-02-20
Customer_159,18551.73,2025-02-20
Customer_38,6501.9,2025-02-20
Customer_146,37401.92,2025-02-20
Customer_3,10510.1,2025-02-21
Customer_48,6744.68,2025-02-21
Customer_67,5090.64,2025-02-22
Customer_97,38185.08,2025-02-22
Customer_5,22464.6,2025-02-22
Customer_26,10025.7,2025-02-22
Customer_209,37376.37,2025-02-22
Customer_109,47139.63,2025-02-23
Customer_190,10946.14,2025-02-23
Customer_52,13286.99,2025-02-23
Customer_178,47359.32,2025-02-23
Customer_135,10846.15,2025-02-23
Customer_149,23794.61,2025-02-24
Customer_93,4532.56,2025-02-24
Customer_64,20724.45,2025-02-24
Customer_108,48158.81,2025-02-24
Customer_150,40167.57,2025-02-24
Customer_134,49422.41,2025-02-24
Customer_62,32859.92,2025-02-25
Customer_62,40668.28,2025-02-25
Customer_121,14564.39,2025-02-25
Customer_54,36224.15,2025-02-25
Customer_87,34771.22,2025-02-25
Customer_137,39740.37,2025-02-25
Customer_4,46552.39,2025-02-26
Customer_72,39669.42,2025-02-27
Customer_95,41058.59,2025-02-27
Customer_213,6629.53,2025-02-27
Customer_134,9323.62,2025-02-28
Customer_95,38967.33,2025-02-28
Customer_29,8516.41,2025-03-01
Customer_143,35559.55,2025-03-01
Customer_22,21644.73,2025-03-01
Customer_218,45811.86,2025-03-01
Customer_165,42781.91,2025-03-02
Customer_215,24816.15,2025-03-02
Customer_90,33804.99,2025-03-03
Customer_86,19891.42,2025-03-03
Customer_93,28260.63,2025-03-03
Customer_43,21053.97,2025-03-05
Customer_110,19514.64,2025-03-05
Customer_130,21104.04,2025-03-05
Customer_63,29482.67,2025-03-05
Customer_42,1506.27,2025-03-05
Customer_197,40321.77,2025-03-05
Customer_123,27555.88,2025-03-05
Customer_203,15167.82,2025-03-05
Customer_164,18122.01,2025-03-05
Customer_187,9987.44,2025-03-06
Customer_147,43096.27,2025-03-06
Customer_27,32835.4,2025-03-06
Customer_89,23578.37,2025-03-06
Customer_162,5626.36,2025-03-07
Customer_195,11830.47,2025-03-07
Customer_167,16588.69,2025-03-08
Customer_134,5519.31,2025-03-08
Customer_127,21272.88,2025-03-08
Customer_158,14725.6,2025-03-10
Customer_157,41333.77,2025-03-10
Customer_215,19764.98,2025-03-10
Customer_144,36549.88,2025-03-10
Customer_215,42411.25,2025-03-10
Customer_158,6905.89,2025-03-10
Customer_116,1829.78,2025-03-10
Customer_113,42519.33,2025-03-10
Customer_151,7430.15,2025-03-11
Customer_30,29236.78,2025-03-11
Customer_59,49985.49,2025-03-11
Customer_63,32822.04,2025-03-11
Customer_220,16159.67,2025-03-11
Customer_10,19457.56,2025-03-12
Customer_185,26432.02,2025-03-12
Customer_170,38409.36,2025-03-12
Customer_49,34621.95,2025-03-12
Customer_203,4942.88,2025-03-12
Customer_157,38050.21,2025-03-12
Customer_37,8685.21,2025-03-13
Customer_109,4931.6,2025-03-14
Customer_164,10334.49,2025-03-14
Customer_113,6747.49,2025-03-14
Customer_95,20213.32,2025-03-14
Customer_59,46748.4,2025-03-15
Customer_45,10825.1,2025-03-15
Customer_105,15110.26,2025-03-15
Customer_85,6763.13,2025-03-15
Customer_106,20811.12,2025-03-15
Customer_138,2486.39,2025-03-16
Customer_167,39177.31,2025-03-16
Customer_211,14138.93,2025-03-16
Customer_135,31916.95,2025-03-16
Customer_22,35105.45,2025-03-16
Customer_152,30288.5,2025-03-16
Customer_64,27632.35,2025-03-17
Customer_98,838.37,2025-03-17
Customer_220,17079.11,2025-03-17
Customer_39,9164.37,2025-03-17
Customer_175,11762.66,2025-03-18
Customer_24,11944.4,2025-03-18
Customer_54,13349.54,2025-03-18
Customer_168,39766.03,2025-03-18
Customer_35,7179.39,2025-03-19
Customer_41,14680.3,2025-03-19
Customer_220,3452.14,2025-03-19
Customer_39,2631.18,2025-03-19
Customer_98,10574.76,2025-03-19
Customer_44,13279.53,2025-03-20
Customer_45,32659.12,2025-03-21
Customer_39,45005.37,2025-03-21
Customer_37,40881.4,2025-03-21
Customer_144,44416.61,2025-03-21
Customer_114,14306.33,2025-03-21
Customer_134,21749.38,2025-03-21
Customer_198,17869.32,2025-03-22
Customer_35,10296.79,2025-03-22
Customer_144,7890.49,2025-03-22
Customer_143,49849.56,2025-03-22
Customer_190,49484.22,2025-03-22
Customer_101,32324.72,2025-03-22
Customer_187,42309.32,2025-03-22
Customer_160,40146.11,2025-03-22
Customer_219,1888.4,2025-03-23
Customer_85,47375.81,2025-03-23
Customer_212,5739.39,2025-03-23
Customer_25,42956.98,2025-03-23
Customer_184,1218.66,2025-03-24
Customer_64,16126.95,2025-03-24
Customer_99,4244.54,2025-03-24
Customer_75,13781.79,2025-03-24
Customer_55,7346.46,2025-03-25
Customer_80,11354.96,2025-03-25
Customer_143,6967.33,2025-03-26
Customer_61,26174.37,2025-03-26
Customer_205,8802.04,2025-03-26
Customer_75,11155.93,2025-03-27
Customer_89,37340.47,2025-03-27
Customer_151,1153.67,2025-03-28
Customer_138,6584.62,2025-03-28
Customer_72,12232.8,2025-03-28
Customer_115,18942.43,2025-03-29
Customer_203,18612.31,2025-03-29
Customer_178,1346.48,2025-03-29
Customer_75,15334.78,2025-03-29
Customer_217,7031.55,2025-03-29
Customer_170,16343.72,2025-03-30
Customer_181,29779.34,2025-03-30
Customer_65,2103.79,2025-03-30
Customer_218,33738.33,2025-03-31
Customer_165,27024.55,2025-03-31
Customer_77,19053.13,2025-03-31
Customer_44,45150.2,2025-03-31
Customer_167,33067.91,2025-04-01
Customer_10,14771.23,2025-04-02
Customer_52,40809.07,2025-04-02
Customer_169,15466.46,2025-04-02
Customer_82,4888.25,2025-04-02
Customer_63,17938.35,2025-04-02
Customer_117,47485.36,2025-04-03
Customer_184,34330.77,2025-04-03
Customer_164,48702.76,2025-04-03
Customer_85,31084.62,2025-04-03
Customer_84,15447.49,2025-04-03
Customer_114,35059.12,2025-04-04
Customer_141,6537.55,2025-04-04
Customer_134,18880.38,2025-04-04
Customer_185,34955.62,2025-04-04
Customer_38,3084.59,2025-04-06
Customer_92,3469.14,2025-04-06
Customer_191,46977.52,2025-04-06
Customer_134,48097.05,2025-04-06
Customer_54,2049.18,2025-04-06
Customer_42,40340.71,2025-04-07
Customer_23,41188.48,2025-04-07
Customer_173,21556.69,2025-04-07
Customer_97,12146.61,2025-04-08
Customer_70,15544.29,2025-04-08
Customer_187,724.46,2025-04-08
Customer_209,2701.12,2025-04-08
Customer_180,41197.15,2025-04-08
Customer_171,23076.77,2025-04-08
Customer_83,1662.19,2025-04-09
Customer_160,17217.59,2025-04-09
Customer_190,11036.7,2025-04-09
Customer_36,31601.65,2025-04-09
Customer_24,40604.46,2025-04-09
Customer_198,19086.8,2025-04-09
Customer_112,3522.34,2025-04-10
Customer_93,37690.84,2025-04-10
Customer_141,30524.79,2025-04-11
Customer_130,5655.38,2025-04-11
Customer_219,41348.34,2025-04-12
Customer_12,33546.78,2025-04-12
Customer_45,38821.55,2025-04-12
Customer_144,40816.61,2025-04-12
Customer_161,29177.49,2025-04-12
Customer_147,23128.73,2025-04-12
Customer_66,10322.13,2025-04-12
Customer_166,23401.83,2025-04-12
Customer_131,14448.24,2025-04-12
Customer_145,29168.24,2025-04-12
Customer_7,3902.94,2025-04-12
Customer_32,48818.3,2025-04-13
Customer_102,13653.16,2025-04-13
Customer_189,22688.54,2025-04-13
Customer_67,40495.23,2025-04-14
Customer_1,37144.29,2025-04-14
Customer_3,28668.6,2025-04-14
Customer_95,27705.86,2025-04-14
Customer_45,14220.74,2025-04-14
Customer_117,3423.47,2025-04-15
Customer_23,28651.29,2025-04-15
Customer_31,37860.47,2025-04-15
Customer_167,13599.95,2025-04-16
Customer_193,23284.45,2025-04-17
Customer_91,37575.15,2025-04-17
Customer_137,3848.27,2025-04-18
Customer_23,43713.62,2025-04-19
Customer_60,26496.12,2025-04-19
Customer_172,31319.64,2025-04-19
Customer_53,27366.01,2025-04-20
Customer_125,36197.86,2025-04-20
Customer_119,33502.11,2025-04-20
Customer_215,3434.02,2025-04-20
Customer_71,41781.61,2025-04-20
Customer_185,9350.54,2025-04-20
Customer_187,9987.26,2025-04-20
Customer_151,27777.81,2025-04-21
Customer_28,27297.71,2025-04-21
Customer_199,13487.36,2025-04-21
Customer_191,41956.97,2025-04-21
Customer_203,5073.87,2025-04-22
Customer_189,34067.56,2025-04-22
Customer_196,23809.44,2025-04-22
Customer_122,26354.2,2025-04-22
Customer_191,8236.49,2025-04-23
Customer_108,29568.5,2025-04-23
Customer_198,13270.51,2025-04-23
Customer_211,26458.14,2025-04-23
Customer_215,27973.97,2025-04-24
Customer_41,10338.3,2025-04-24
Customer_93,35388.24,2025-04-24
Customer_41,7807.78,2025-04-24
Customer_18,1725.38,2025-04-25
Customer_76,1356.11,2025-04-25
Customer_158,31825.47,2025-04-25
Customer_70,6938.38,2025-04-25
Customer_142,20544.04,2025-04-26
Customer_74,43594.33,2025-04-26
Customer_58,17691.29,2025-04-26
Customer_130,11145.44,2025-04-26
Customer_106,32344.38,2025-04-26
Customer_52,37267.71,2025-04-26
Customer_98,2535.13,2025-04-26
Customer_62,20285.49,2025-04-27
Customer_81,40652.45,2025-04-27
Customer_1,14350.42,2025-04-28
Customer_129,17562.88,2025-04-28
Customer_213,22097.91,2025-04-28
Customer_182,8923.09,2025-04-28
Customer_23,19162.54,2025-04-28
Customer_134,20982.05,2025-04-29
Customer_198,43606.31,2025-04-29
Customer_122,47729.0,2025-04-29
Customer_118,46703.57,2025-04-29
Customer_187,32969.29,2025-04-29
Customer_62,31592.64,2025-04-29
Customer_24,20700.3,2025-04-29
Customer_4,27345.79,2025-04-29
Customer_46,1079.68,2025-04-29
Customer_31,20153.03,2025-04-30
Customer_191,29170.77,2025-04-30
Customer_111,21555.59,2025-04-30
Customer_90,49372.07,2025-05-01
Customer_123,45180.0,2025-05-01
Customer_177,21270.38,2025-05-01
Customer_40,17853.38,2025-05-01
Customer_213,43288.39,2025-05-02
Customer_108,14447.75,2025-05-02
Customer_1,17361.95,2025-05-02
Customer_112,21478.36,2025-05-02
Customer_108,49463.06,2025-05-02
Customer_39,10643.12,2025-05-03
Customer_217,2433.41,2025-05-03
Customer_198,6663.19,2025-05-03
Customer_105,10975.16,2025-05-04
Customer_70,32865.83,2025-05-04
Customer_31,38986.88,2025-05-05
Customer_214,25234.36,2025-05-05
Customer_168,6366.98,2025-05-05
Customer_181,17104.36,2025-05-05
Customer_177,44793.1,2025-05-06
Customer_118,34000.34,2025-05-06
Customer_145,33922.38,2025-05-07
Customer_146,37400.31,2025-05-07
Customer_8,4134.27,2025-05-08
Customer_116,25317.89,2025-05-08
Customer_200,20463.31,2025-05-08
Customer_74,19494.51,2025-05-08
Customer_23,47973.84,2025-05-08
Customer_19,35129.23,2025-05-08
Customer_22,37865.41,2025-05-08
Customer_16,22599.63,2025-05-08
Customer_119,1567.04,2025-05-08
Customer_214,17534.88,2025-05-09
Customer_210,28189.13,2025-05-09
Customer_209,31689.32,2025-05-09
Customer_27,48169.04,2025-05-09
Customer_31,692.42,2025-05-09
Customer_68,48558.33,2025-05-09
Customer_150,21648.2,2025-05-09
Customer_66,33826.34,2025-05-09
Customer_75,33902.34,2025-05-09
Customer_18,47477.96,2025-05-09
Customer_25,13690.78,2025-05-10
Customer_7,15186.12,2025-05-10
Customer_182,35820.96,2025-05-10
Customer_158,45905.76,2025-05-11
Customer_197,29350.48,2025-05-11
Customer_177,11593.85,2025-05-11
Customer_141,34231.69,2025-05-11
Customer_107,5540.25,2025-05-11
Customer_104,21274.42,2025-05-12
Customer_36,11803.59,2025-05-12
Customer_211,22001.52,2025-05-12
Customer_65,35533.66,2025-05-12
Customer_201,35965.92,2025-05-13
Customer_86,25524.61,2025-05-13
Customer_116,44157.3,2025-05-15
Customer_75,45013.81,2025-05-15
Customer_190,32253.25,2025-05-16
Customer_182,43871.43,2025-05-16
Customer_13,9052.55,2025-05-17
Customer_62,42870.79,2025-05-17
Customer_78,3021.31,2025-05-17
Customer_202,21684.07,2025-05-17
Customer_157,3485.63,2025-05-17
Customer_73,45682.06,2025-05-17
Customer_27,14508.28,2025-05-18
Customer_42,25614.47,2025-05-18
Customer_28,43606.84,2025-05-18
Customer_141,2179.89,2025-05-18
Customer_112,31139.51,2025-05-18
Customer_220,42155.91,2025-05-18
Customer_18,8932.06,2025-05-18
Customer_42,45475.13,2025-05-19
Customer_42,26873.6,2025-05-20
Customer_167,27964.79,2025-05-20
Customer_117,17520.47,2025-05-20
Customer_17,10892.96,2025-05-20
Customer_50,15315.3,2025-05-20
Customer_178,18653.77,2025-05-20
Customer_93,44668.97,2025-05-20
Customer_39,29845.19,2025-05-21
Customer_10,30015.53,2025-05-22
Customer_140,12364.35,2025-05-22
Customer_169,40317.86,2025-05-22
Customer_2,38993.97,2025-05-22
Customer_178,41680.99,2025-05-22
Customer_156,26474.0,2025-05-22
Customer_25,24063.37,2025-05-22
Customer_127,18729.19,2025-05-24
Customer_27,36240.92,2025-05-24
Customer_132,30871.12,2025-05-24
Customer_68,28238.62,2025-05-25
Customer_146,12293.01,2025-05-25
Customer_171,23859.13,2025-05-25
Customer_202,11330.71,2025-05-26
Customer_38,7551.69,2025-05-26
Customer_37,13712.07,2025-05-26
Customer_210,47389.34,2025-05-26
Customer_104,40275.38,2025-05-27
Customer_186,8860.65,2025-05-27
Customer_130,25558.86,2025-05-27
Customer_195,24848.32,2025-05-27
Customer_145,20620.27,2025-05-27
Customer_177,23688.42,2025-05-28
Customer_210,44762.41,2025-05-28
Customer_169,32655.67,2025-05-28
Customer_82,42234.94,2025-05-28
Customer_173,31618.09,2025-05-28
Customer_2,10880.55,2025-05-29
Customer_55,5603.34,2025-05-29
Customer_64,5972.07,2025-05-29
Customer_204,5942.08,2025-05-29
Customer_67,12726.97,2025-05-30
Customer_47,3078.03,2025-05-30
Customer_198,13179.06,2025-05-31
Customer_13,42600.35,2025-05-31
Customer_35,31362.2,2025-05-31
Customer_197,21579.38,2025-05-31
Customer_212,48576.69,2025-05-31
Customer_151,5198.01,2025-06-01
Customer_58,46152.55,2025-06-01
Customer_101,17973.81,2025-06-01
Customer_194,3624.86,2025-06-02
Customer_1,10714.51,2025-06-02
Customer_136,24037.44,2025-06-02
Customer_55,14565.18,2025-06-02
Customer_26,25717.58,2025-06-03
Customer_131,45864.06,2025-06-03
Customer_14,4476.78,2025-06-03
Customer_16,49947.06,2025-06-03
Customer_190,31808.6,2025-06-04
Customer_71,35659.1,2025-06-04
Customer_142,33140.24,2025-06-05
Customer_96,10322.21,2025-06-05
Customer_140,32726.56,2025-06-05
Customer_165,12015.41,2025-06-05
Customer_64,43265.63,2025-06-06
Customer_211,40805.22,2025-06-06
Customer_145,30602.46,2025-06-06
Customer_107,40603.32,2025-06-06
Customer_173,30758.28,2025-06-06
Customer_70,25878.99,2025-06-07
Customer_25,13728.3,2025-06-07
Customer_182,7777.09,2025-06-07
Customer_165,6073.83,2025-06-07
Customer_211,1043.2,2025-06-07
Customer_149,49773.84,2025-06-07
Customer_20,23712.93,2025-06-07
Customer_213,48491.04,2025-06-08
Customer_43,28926.34,2025-06-08
Customer_98,30812.64,2025-06-08
Customer_63,27777.79,2025-06-08
Customer_37,15222.26,2025-06-08
Customer_161,8649.32,2025-06-08
Customer_26,3825.86,2025-06-08
Customer_60,30951.82,2025-06-08
Customer_205,29252.2,2025-06-09
Customer_148,33024.02,2025-06-09
Customer_152,1917.85,2025-06-11
Customer_30,43891.78,2025-06-11
Customer_7,28801.47,2025-06-11
Customer_61,29035.36,2025-06-11
Customer_134,10080.44,2025-06-12
Customer_177,19341.51,2025-06-12
Customer_191,47507.13,2025-06-12
Customer_39,31667.32,2025-06-12
Customer_35,2247.52,2025-06-12
Customer_158,14949.1,2025-06-12
Customer_112,48226.42,2025-06-13
Customer_168,44409.68,2025-06-13
Customer_208,24075.94,2025-06-13
Customer_198,19425.25,2025-06-13
Customer_70,11656.88,2025-06-14
Customer_41,1581.2,2025-06-14
Customer_36,45485.82,2025-06-14
Customer_137,7530.49,2025-06-14
Customer_219,21034.46,2025-06-14
Customer_68,33697.16,2025-06-14
Customer_15,5245.59,2025-06-14
Customer_85,5308.24,2025-06-15
Customer_210,18353.3,2025-06-15
Customer_143,27066.56,2025-06-15
Customer_202,37112.05,2025-06-15
Customer_98,16441.93,2025-06-15
Customer_62,29300.07,2025-06-15
Customer_115,41027.0,2025-06-16
Customer_215,819.12,2025-06-16
Customer_65,11332.41,2025-06-16
Customer_113,23530.84,2025-06-17
Customer_120,48040.3,2025-06-17
Customer_90,37617.79,2025-06-17
Customer_12,8151.31,2025-06-18
Customer_2,10393.81,2025-06-18
Customer_53,13409.39,2025-06-18
Customer_209,15188.01,2025-06-18
Customer_15,34456.05,2025-06-18
Customer_124,20054.3,2025-06-18
Customer_82,28861.81,2025-06-19
Customer_192,22169.66,2025-06-19
Customer_173,15334.63,2025-06-19
Customer_162,37400.18,2025-06-19
Customer_103,32528.76,2025-06-19
Customer_115,30221.98,2025-06-19
Customer_7,19012.76,2025-06-19
Customer_29,49229.98,2025-06-20
Customer_40,4706.3,2025-06-20
Customer_176,24172.05,2025-06-20
Customer_155,24413.96,2025-06-20
Customer_128,9168.5,2025-06-21
Customer_216,46817.44,2025-06-21
Customer_143,20787.42,2025-06-21
Customer_75,6754.76,2025-06-21
Customer_88,3486.34,2025-06-22
Customer_218,40844.28,2025-06-22
Customer_140,3423.12,2025-06-22
Customer_171,4862.89,2025-06-22
Customer_49,38375.39,2025-06-22
Customer_14,11511.2,2025-06-22
Customer_195,40383.32,2025-06-23
Customer_43,8343.39,2025-06-23
Customer_45,32951.41,2025-06-23
Customer_19,39243.09,2025-06-23
Customer_152,35411.01,2025-06-24
Customer_109,49014.77,2025-06-24
Customer_102,14755.01,2025-06-24
Customer_164,25843.3,2025-06-24
Customer_192,21497.12,2025-06-25
Customer_138,27225.43,2025-06-25
Customer_178,27256.19,2025-06-25
Customer_81,46929.1,2025-06-26
Customer_176,29866.88,2025-06-26
Customer_89,49537.59,2025-06-26
Customer_189,46395.29,2025-06-26
Customer_161,31197.28,2025-06-26
Customer_84,19167.66,2025-06-26
Customer_208,32251.29,2025-06-26
Customer_219,36780.15,2025-06-27
Customer_36,15270.08,2025-06-27
Customer_134,36632.27,2025-06-27
Customer_130,20891.46,2025-06-27
Customer_46,31842.77,2025-06-28
Customer_193,33084.12,2025-06-28
Customer_63,10657.29,2025-06-28
Customer_37,34244.52,2025-06-28
Customer_101,33385.15,2025-06-28
Customer_108,24380.86,2025-06-28
Customer_5,9688.31,2025-06-29
Customer_105,36899.03,2025-06-29
Customer_194,44240.11,2025-06-29
Customer_127,36190.04,2025-06-29
Customer_124,13898.36,2025-06-29
Customer_214,6180.53,2025-06-30
Customer_108,47819.68,2025-06-30
Customer_35,8002.87,2025-06-30
Customer_47,8293.49,2025-06-30
Customer_24,35967.73,2025-06-30
Customer_146,27583.57,2025-06-30
Customer_148,21001.35,2025-07-01
Customer_81,25102.3,2025-07-01
Customer_72,11240.62,2025-07-01
Customer_202,33216.16,2025-07-02
Customer_175,7083.39,2025-07-02
Customer_174,20459.11,2025-07-03
Customer_159,32120.43,2025-07-03
Customer_133,34480.93,2025-07-03
Customer_39,22843.45,2025-07-03
Customer_140,43467.03,2025-07-04
Customer_10,26854.21,2025-07-04
Customer_24,11828.4,2025-07-04
Customer_212,4116.32,2025-07-04
Customer_159,39005.01,2025-07-04
Customer_61,32493.53,2025-07-05
Customer_24,10701.25,2025-07-05
Customer_104,43742.05,2025-07-06
Customer_166,46794.94,2025-07-06
Customer_26,43331.55,2025-07-06
Customer_8,6119.93,2025-07-06
Customer_87,45684.62,2025-07-06
Customer_20,12166.11,2025-07-07
Customer_158,28455.64,2025-07-07
Customer_10,35547.09,2025-07-08
Customer_82,27834.98,2025-07-08
Customer_5,46053.02,2025-07-08
Customer_71,25588.49,2025-07-08
Customer_220,19033.34,2025-07-08
Customer_158,1415.87,2025-07-09
Customer_54,22129.14,2025-07-09
Customer_77,17402.55,2025-07-09
Customer_77,49007.32,2025-07-09
Customer_21,44082.98,2025-07-09
Customer_6,44060.48,2025-07-09
Customer_178,35991.86,2025-07-09
Customer_38,26577.55,2025-07-09
Customer_50,33618.92,2025-07-10
Customer_146,49889.03,2025-07-10
Customer_27,37513.5,2025-07-10
Customer_107,36325.12,2025-07-11
Customer_136,26588.1,2025-07-11
Customer_64,19123.7,2025-07-11
Customer_79,49007.27,2025-07-11
Customer_140,38773.8,2025-07-12
Customer_84,26962.11,2025-07-12
Customer_126,27991.76,2025-07-13
Customer_67,22459.56,2025-07-13
Customer_94,29778.15,2025-07-13
Customer_16,29787.93,2025-07-13
Customer_151,48647.68,2025-07-13
Customer_65,42607.88,2025-07-13
Customer_127,14498.38,2025-07-15
Customer_19,12230.08,2025-07-15
Customer_145,26292.74,2025-07-16
Customer_52,602.5,2025-07-16
Customer_29,11388.19,2025-07-16
Customer_143,9672.22,2025-07-16
Customer_2,34077.86,2025-07-16
Customer_50,15010.36,2025-07-17
Customer_16,6757.67,2025-07-17
Customer_144,24545.16,2025-07-17
Customer_109,17252.78,2025-07-17
Customer_31,33519.08,2025-07-17
Customer_218,40107.88,2025-07-18
Customer_87,15639.27,2025-07-18
Customer_159,49317.65,2025-07-19
Customer_139,34547.45,2025-07-19
Customer_103,24011.34,2025-07-20
Customer_17,5302.77,2025-07-20
Customer_151,34760.44,2025-07-20
Customer_4,44831.25,2025-07-20
Customer_204,10248.76,2025-07-20
Customer_201,2197.26,2025-07-20
Customer_62,21765.68,2025-07-21
Customer_173,4824.09,2025-07-21
Customer_48,49540.33,2025-07-21
Customer_174,18822.71,2025-07-21
Customer_3,20642.72,2025-07-22
Customer_116,11827.91,2025-07-22
Customer_163,20296.77,2025-07-22
Customer_176,10376.6,2025-07-22
Customer_103,2550.87,2025-07-23
Customer_154,30975.54,2025-07-23
Customer_105,46529.31,2025-07-23
Customer_127,10841.46,2025-07-24
Customer_173,26096.55,2025-07-24
Customer_147,48047.89,2025-07-24
Customer_182,18551.7,2025-07-24
Customer_122,18343.02,2025-07-24
Customer_78,37314.5,2025-07-25
Customer_181,32016.73,2025-07-25
Customer_9,8053.23,2025-07-25
Customer_204,42985.68,2025-07-25
Customer_58,22898.1,2025-07-26
Customer_104,21653.35,2025-07-26
Customer_51,33538.79,2025-07-26
Customer_43,10835.2,2025-07-26
Customer_69,6721.52,2025-07-26
Customer_14,1248.28,2025-07-26
Customer_211,19491.47,2025-07-27
Customer_187,23522.19,2025-07-27
Customer_30,18839.6,2025-07-27
Customer_201,28027.2,2025-07-27
Customer_110,42257.5,2025-07-27
Customer_38,27728.24,2025-07-28
Customer_136,4574.92,2025-07-28
Customer_138,41434.43,2025-07-28
Customer_162,42430.82,2025-07-28
Customer_111,11815.96,2025-07-29
Customer_42,10807.24,2025-07-29
Customer_214,47744.59,2025-07-29
Customer_217,14410.67,2025-07-29
Customer_65,45984.6,2025-07-29
Customer_61,18805.11,2025-07-30
Customer_2,11542.51,2025-07-30
Customer_81,40939.01,2025-07-30
Customer_141,36904.94,2025-07-31
Customer_31,31033.19,2025-07-31
Customer_166,3568.05,2025-07-31
Customer_121,28476.92,2025-07-31
Customer_186,2940.84,2025-07-31
Customer_16,36854.55,2025-07-31
Customer_102,7698.81,2025-07-31
Customer_122,29881.16,2025-07-31
Customer_200,42112.45,2025-07-31
Customer_96,25972.41,2025-08-01
Customer_59,34579.94,2025-08-01
Customer_179,19669.6,2025-08-02
Customer_21,24361.65,2025-08-02
Customer_36,38331.91,2025-08-02
Customer_75,36836.58,2025-08-02
Customer_164,25610.75,2025-08-02
Customer_73,7239.05,2025-08-02
Customer_103,41825.82,2025-08-03
Customer_207,31720.74,2025-08-03
Customer_116,19132.96,2025-08-03
Customer_135,4795.17,2025-08-04
Customer_86,14267.24,2025-08-04
Customer_63,14440.61,2025-08-04
Customer_164,32656.44,2025-08-05
Customer_160,33175.18,2025-08-05
Customer_189,6244.22,2025-08-06
Customer_85,12210.45,2025-08-06
Customer_218,18672.55,2025-08-06
Customer_177,46539.33,2025-08-06
Customer_107,24185.48,2025-08-06
Customer_114,21772.47,2025-08-07
Customer_15,44225.5,2025-08-07
Customer_124,25399.17,2025-08-08
Customer_132,13277.63,2025-08-08
Customer_16,24768.77,2025-08-08
Customer_178,48655.11,2025-08-08
Customer_104,11482.71,2025-08-08
Customer_134,29348.2,2025-08-09
Customer_38,34360.99,2025-08-09
Customer_164,39005.1,2025-08-10
Customer_96,41707.65,2025-08-10
Customer_128,47829.16,2025-08-10
Customer_49,29754.18,2025-08-11
Customer_59,34599.17,2025-08-11
Customer_143,17107.72,2025-08-11
Customer_117,31028.83,2025-08-11
Customer_3,4388.58,2025-08-12
Customer_179,7414.86,2025-08-12
Customer_26,38965.61,2025-08-13
Customer_29,18181.26,2025-08-13
Customer_114,11823.14,2025-08-13
Customer_198,3273.0,2025-08-13
Customer_210,44455.85,2025-08-14
Customer_172,2522.39,2025-08-14
Customer_124,14931.75,2025-08-14
Customer_113,32644.22,2025-08-14
Customer_8,11620.33,2025-08-15
Customer_50,22691.41,2025-08-15
Customer_108,8222.63,2025-08-15
Customer_37,24293.37,2025-08-15
Customer_102,13376.8,2025-08-16
Customer_174,24210.58,2025-08-17
Customer_119,32571.85,2025-08-17
Customer_42,14395.75,2025-08-17
Customer_83,15149.48,2025-08-17
Customer_97,33249.75,2025-08-17
Customer_10,18014.6,2025-08-17
Customer_198,19078.17,2025-08-17
Customer_172,509.46,2025-08-18
Customer_36,24878.91,2025-08-18
Customer_38,21738.7,2025-08-18
Customer_165,32553.41,2025-08-18
Customer_116,13350.09,2025-08-19
Customer_75,4178.79,2025-08-19
Customer_22,10491.56,2025-08-20
Customer_106,26743.44,2025-08-20
Customer_16,7684.72,2025-08-20
Customer_56,46450.2,2025-08-20
Customer_127,29494.95,2025-08-20
Customer_134,19007.09,2025-08-21
Customer_202,46011.67,2025-08-21
Customer_12,11375.25,2025-08-22
Customer_32,16283.26,2025-08-22
Customer_72,756.01,2025-08-22
Customer_100,47424.9,2025-08-23
Customer_30,3226.22,2025-08-23
Customer_181,4451.46,2025-08-23
Customer_172,44393.49,2025-08-23
Customer_200,11551.16,2025-08-23
Customer_189,13303.33,2025-08-23
Customer_100,25141.27,2025-08-24
Customer_147,27306.2,2025-08-24
Customer_197,19731.39,2025-08-24
Customer_202,2359.44,2025-08-24
Customer_12,38852.89,2025-08-24
Customer_137,47619.74,2025-08-24
Customer_114,24575.61,2025-08-25
Customer_178,41380.22,2025-08-26
Customer_179,18632.67,2025-08-26
Customer_59,48612.33,2025-08-27
Customer_36,37501.75,2025-08-27
Customer_26,25921.77,2025-08-27
Customer_170,49764.75,2025-08-28
Customer_66,25425.01,2025-08-28
Customer_119,20950.91,2025-08-28
Customer_138,30367.77,2025-08-28
Customer_178,35825.74,2025-08-29
Customer_104,40284.01,2025-08-29
Customer_41,7792.42,2025-08-29
Customer_173,37542.82,2025-08-29
Customer_204,25561.12,2025-08-29
Customer_15,8511.7,2025-08-30
Customer_56,12592.08,2025-08-31
Customer_216,14245.06,2025-09-01
Customer_190,38597.9,2025-09-01
Customer_21,18959.8,2025-09-01
Customer_114,9904.87,2025-09-01
Customer_29,34445.53,2025-09-01
Customer_210,39135.36,2025-09-02
Customer_214,18696.8,2025-09-03
Customer_138,32607.77,2025-09-03
Customer_105,15264.07,2025-09-03
Customer_59,2425.29,2025-09-03
Customer_131,33250.18,2025-09-03
Customer_69,40911.28,2025-09-04
Customer_107,49839.63,2025-09-04
Customer_162,20365.98,2025-09-04
Customer_123,44637.23,2025-09-04
Customer_151,7609.36,2025-09-05
Customer_95,5630.44,2025-09-06
Customer_171,22052.35,2025-09-07
Customer_57,30299.21,2025-09-07
Customer_158,43806.7,2025-09-07
Customer_61,25844.19,2025-09-07
Customer_214,7180.54,2025-09-08
Customer_147,19681.8,2025-09-08
Customer_200,34877.61,2025-09-08
Customer_33,37102.97,2025-09-08
Customer_65,22257.73,2025-09-08
Customer_212,5782.2,2025-09-09
Customer_63,5411.84,2025-09-09
Customer_3,25899.28,2025-09-09
Customer_108,16407.22,2025-09-09
Customer_117,1399.73,2025-09-09
Customer_159,13248.94,2025-09-10
Customer_80,8689.89,2025-09-10
Customer_120,1664.82,2025-09-10
Customer_21,31449.37,2025-09-10
Customer_68,44313.44,2025-09-10
Customer_82,32300.52,2025-09-10
Customer_69,12241.04,2025-09-10
Customer_211,31732.13,2025-09-10
Customer_147,1426.23,2025-09-10
Customer_103,29922.09,2025-09-11
Customer_130,36239.39,2025-09-11
Customer_134,9721.1,2025-09-11
Customer_99,29525.35,2025-09-11
Customer_23,17888.31,2025-09-12
Customer_114,20574.43,2025-09-12
Customer_186,17787.9,2025-09-13
Customer_170,38156.75,2025-09-14
Customer_53,38690.05,2025-09-14
Customer_66,9335.16,2025-09-14
Customer_182,46192.7,2025-09-15
Customer_49,38355.96,2025-09-15
Customer_87,39619.99,2025-09-15
Customer_5,11577.78,2025-09-15
Customer_136,5202.06,2025-09-15
Customer_83,33765.07,2025-09-15
Customer_73,21079.46,2025-09-15
Customer_33,25166.4,2025-09-15
Customer_185,48708.51,2025-09-16
Customer_182,29047.41,2025-09-17
Customer_46,24066.85,2025-09-17
Customer_152,5898.4,2025-09-17
Customer_43,40969.31,2025-09-17
Customer_4,7977.75,2025-09-17
Customer_53,21802.85,2025-09-17
Customer_151,36901.24,2025-09-18
Customer_68,22371.67,2025-09-18
Customer_154,48523.87,2025-09-18
Customer_86,35292.0,2025-09-18
Customer_152,8615.89,2025-09-18
Customer_145,10244.03,2025-09-19
Customer_39,29030.71,2025-09-20
Customer_202,48708.19,2025-09-20
Customer_196,41378.92,2025-09-20
Customer_189,21409.46,2025-09-20
Customer_44,3967.81,2025-09-20
Customer_87,28812.16,2025-09-21
Customer_151,33450.38,2025-09-21
Customer_168,43421.81,2025-09-22
Customer_21,9618.16,2025-09-22
Customer_209,42221.55,2025-09-22
Customer_136,22770.21,2025-09-22
Customer_217,27025.54,2025-09-22
Customer_16,12423.55,2025-09-22
Customer_134,18322.4,2025-09-22
Customer_137,25078.4,2025-09-22
Customer_119,31130.4,2025-09-22
Customer_101,12620.72,2025-09-23
Customer_215,44365.01,2025-09-23
Customer_125,23261.04,2025-09-23
Customer_79,10628.35,2025-09-23
Customer_124,4644.58,2025-09-24
Customer_73,24205.19,2025-09-24
Customer_188,48110.69,2025-09-25
Customer_150,19914.58,2025-09-25
Customer_50,15415.19,2025-09-25
Customer_158,10437.36,2025-09-25
Customer_58,47496.58,2025-09-26
Customer_99,11055.17,2025-09-26
Customer_140,3454.94,2025-09-26
Customer_146,37656.94,2025-09-26
Customer_211,12815.89,2025-09-26
Customer_209,20773.11,2025-09-26
Customer_58,13336.06,2025-09-26
Customer_39,4249.52,2025-09-26
Customer_90,12131.55,2025-09-27
Customer_171,3816.58,2025-09-27
Customer_118,2155.3,2025-09-28
Customer_176,26053.51,2025-09-28
Customer_144,4098.56,2025-09-28
Customer_66,47516.55,2025-09-29
Customer_139,31634.66,2025-09-29
Customer_116,36635.38,2025-09-29
Customer_211,30473.98,2025-09-30
Customer_191,43864.85,2025-09-30
Customer_81,22234.7,2025-10-01
Customer_129,31366.1,2025-10-01
Customer_208,37378.29,2025-10-01
Customer_205,49302.09,2025-10-01
Customer_217,11640.79,2025-10-01
Customer_143,12689.21,2025-10-01
Customer_177,713.49,2025-10-01
Customer_27,47504.46,2025-10-02
Customer_86,8528.12,2025-10-02
Customer_113,25504.46,2025-10-02
Customer_83,43118.03,2025-10-02
Customer_176,4858.74,2025-10-02
Customer_75,20156.51,2025-10-02
Customer_199,39803.5,2025-10-02
Customer_173,23563.68,2025-10-02
Customer_12,29048.46,2025-10-02
Customer_140,3533.18,2025-10-03
Customer_164,4093.33,2025-10-03
Customer_169,6515.35,2025-10-03
Customer_32,42557.07,2025-10-03
Customer_207,34647.4,2025-10-03
Customer_114,10284.24,2025-10-03
Customer_137,18116.42,2025-10-04
Customer_55,4479.52,2025-10-04
Customer_53,12071.3,2025-10-04
Customer_37,27221.79,2025-10-04
Customer_192,16219.13,2025-10-04
Customer_85,17324.19,2025-10-05
Customer_201,6595.2,2025-10-05
Customer_104,16517.79,2025-10-05
Customer_132,23557.02,2025-10-05
Customer_48,29543.26,2025-10-06
Customer_25,32489.61,2025-10-06
Customer_58,41740.24,2025-10-06
Customer_41,9148.52,2025-10-06
Customer_158,28273.88,2025-10-06
Customer_215,49768.53,2025-10-06
Customer_168,19227.02,2025-10-06
Customer_47,23155.92,2025-10-06
Customer_49,6688.9,2025-10-06
Customer_144,36295.41,2025-10-06
Customer_151,18151.08,2025-10-06
Customer_12,41778.56,2025-10-07
Customer_218,16826.82,2025-10-07
Customer_168,3257.43,2025-10-07
Customer_119,20901.82,2025-10-07
Customer_34,49975.75,2025-10-08
Customer_16,39882.29,2025-10-08
Customer_92,20044.1,2025-10-08
Customer_22,20694.97,2025-10-09
Customer_138,36599.63,2025-10-09
Customer_182,13009.17,2025-10-09
Customer_76,47879.22,2025-10-09
Customer_32,12428.52,2025-10-09
Customer_17,40509.87,2025-10-10
Customer_15,20278.16,2025-10-10
Customer_126,39477.84,2025-10-10
Customer_187,49276.75,2025-10-10
Customer_155,11908.69,2025-10-10
Customer_87,13386.07,2025-10-10
Customer_147,33319.09,2025-10-11
Customer_39,43508.0,2025-10-11
Customer_167,10723.28,2025-10-11
Customer_132,6577.38,2025-10-11
Customer_70,22654.1,2025-10-12
Customer_2,18162.05,2025-10-12
Customer_182,12160.49,2025-10-12
Customer_91,9837.76,2025-10-12
Customer_98,42840.97,2025-10-12
Customer_195,42159.4,2025-10-12
Customer_48,11001.55,2025-10-12
Customer_131,29182.36,2025-10-13
Customer_130,32470.96,2025-10-13
Customer_198,27131.93,2025-10-13
Customer_82,3294.55,2025-10-14
Customer_170,19839.58,2025-10-14
Customer_81,1267.05,2025-10-14
Customer_207,37817.24,2025-10-14
Customer_153,33034.09,2025-10-14
Customer_98,7468.68,2025-10-14
Customer_127,12637.4,2025-10-14
Customer_60,11657.81,2025-10-15
Customer_63,30452.9,2025-10-15
Customer_202,35861.76,2025-10-15
Customer_141,3241.12,2025-10-15
Customer_95,41552.72,2025-10-16
Customer_84,26825.4,2025-10-16
Customer_104,5850.92,2025-10-16
Customer_152,16951.19,2025-10-16
Customer_142,33079.41,2025-10-16
Customer_154,11510.28,2025-10-16
Customer_89,32304.17,2025-10-16
Customer_72,22273.89,2025-10-16
Customer_215,7233.09,2025-10-16
Customer_82,25343.94,2025-10-16
Customer_80,37782.54,2025-10-17
Customer_55,34854.82,2025-10-17
Customer_201,43191.18,2025-10-17
Customer_46,49842.45,2025-10-17
Customer_72,1206.37,2025-10-17
Customer_98,20404.63,2025-10-17
Customer_191,3385.64,2025-10-17
Customer_36,12494.47,2025-10-18
Customer_206,27650.41,2025-10-18
Customer_194,22678.6,2025-10-18
Customer_48,41050.93,2025-10-18
Customer_66,46049.8,2025-10-18
Customer_84,6657.01,2025-10-19
Customer_3,21666.66,2025-10-19
Customer_209,49126.82,2025-10-19
Customer_196,10167.23,2025-10-19
Customer_62,49660.38,2025-10-19
Customer_93,40170.78,2025-10-19
Customer_86,42984.98,2025-10-20
Customer_162,40270.99,2025-10-21
Customer_9,44303.34,2025-10-21
Customer_70,30030.61,2025-10-22
Customer_137,19579.53,2025-10-22
Customer_127,12037.5,2025-10-22
Customer_177,44240.79,2025-10-23
Customer_155,21249.19,2025-10-23
Customer_74,34634.79,2025-10-23
Customer_12,31579.47,2025-10-24
Customer_149,43097.36,2025-10-24
Customer_85,42130.01,2025-10-24
Customer_69,6093.43,2025-10-24
Customer_67,13114.1,2025-10-25
Customer_116,47209.11,2025-10-25
Customer_77,46886.29,2025-10-25
Customer_78,19940.24,2025-10-25
Customer_73,40303.78,2025-10-26
Customer_65,36638.6,2025-10-26
Customer_158,3303.68,2025-10-26
Customer_92,21118.73,2025-10-26
Customer_59,26250.98,2025-10-26
Customer_93,40601.24,2025-10-27
Customer_19,14155.17,2025-10-27
Customer_155,27891.94,2025-10-27
Customer_114,2845.12,2025-10-28
Customer_25,23236.17,2025-10-28
Customer_186,35290.54,2025-10-28
Customer_60,46460.48,2025-10-28
Customer_74,33218.44,2025-10-28
Customer_143,32599.03,2025-10-29
Customer_11,6354.1,2025-10-29
Customer_108,49676.42,2025-10-29
Customer_81,36895.33,2025-10-29
Customer_33,27657.57,2025-10-29
Customer_97,45930.93,2025-10-29
Customer_195,7681.16,2025-10-30
Customer_4,31859.05,2025-10-30
Customer_123,15975.47,2025-10-30
Customer_171,25768.26,2025-10-31
Customer_146,44174.72,2025-10-31
Customer_52,19224.9,2025-10-31
Customer_199,33598.31,2025-10-31
Customer_35,25570.84,2025-11-01
Customer_122,29383.35,2025-11-01
Customer_152,40089.96,2025-11-01
Customer_151,39659.71,2025-11-01
Customer_47,18340.36,2025-11-01
Customer_75,14316.09,2025-11-01
Customer_105,7497.87,2025-11-01
Customer_5,13519.24,2025-11-02
Customer_143,15338.61,2025-11-02
Customer_107,33375.95,2025-11-02
Customer_17,9203.82,2025-11-02
Customer_207,29043.55,2025-11-03
Customer_135,18076.9,2025-11-03
Customer_94,43507.63,2025-11-03
Customer_116,36477.52,2025-11-04
Customer_213,3241.88,2025-11-04
Customer_194,47285.84,2025-11-04
Customer_46,21933.11,2025-11-05
Customer_208,25812.08,2025-11-05
Customer_52,8757.2,2025-11-05
Customer_92,6673.47,2025-11-05
Customer_85,4437.97,2025-11-05
Customer_111,20916.01,2025-11-05
Customer_89,39495.91,2025-11-05
Customer_12,44190.56,2025-11-05
Customer_199,49124.96,2025-11-06
Customer_91,31268.96,2025-11-06
Customer_75,23112.05,2025-11-06
Customer_107,7961.46,2025-11-07
Customer_208,4361.5,2025-11-07
Customer_67,33500.22,2025-11-08
Customer_199,22137.27,2025-11-08
Customer_1,14370.62,2025-11-08
Customer_203,11362.49,2025-11-08
Customer_153,45463.76,2025-11-08
Customer_80,45777.78,2025-11-09
Customer_147,34292.9,2025-11-09
Customer_213,5120.85,2025-11-10
Customer_147,38894.14,2025-11-10
Customer_119,34934.13,2025-11-11
Customer_194,27318.97,2025-11-11
Customer_163,45171.95,2025-11-11
Customer_58,35583.66,2025-11-11
Customer_208,24131.01,2025-11-11
Customer_104,45999.39,2025-11-12
Customer_12,20744.8,2025-11-12
Customer_191,13677.27,2025-11-12
Customer_32,36980.18,2025-11-13
Customer_191,24646.03,2025-11-13
Customer_45,5549.09,2025-11-14
Customer_66,12737.79,2025-11-14
Customer_110,12075.38,2025-11-14
Customer_19,7262.44,2025-11-14
Customer_176,8796.23,2025-11-14
Customer_11,3333.35,2025-11-15
Customer_63,20286.45,2025-11-15
Customer_3,40993.47,2025-11-15
Customer_174,30115.76,2025-11-15
Customer_100,7992.2,2025-11-15
Customer_179,17653.77,2025-11-16
Customer_97,8078.06,2025-11-16
Customer_219,29607.65,2025-11-16
Customer_25,43564.25,2025-11-16
Customer_188,4372.57,2025-11-17
Customer_21,874.58,2025-11-17
Customer_147,31124.3,2025-11-18
Customer_114,27276.88,2025-11-18
Customer_19,6131.89,2025-11-18
Customer_172,25252.23,2025-11-18
Customer_169,11628.77,2025-11-19
Customer_39,17912.6,2025-11-19
Customer_105,40270.12,2025-11-19
Customer_148,35953.07,2025-11-20
Customer_193,20840.12,2025-11-20
Customer_118,22485.05,2025-11-20
Customer_152,24641.6,2025-11-20
Customer_25,10848.73,2025-11-20
Customer_14,34025.74,2025-11-20
Customer_173,49313.77,2025-11-20
Customer_162,4670.27,2025-11-20
Customer_39,18005.62,2025-11-20
Customer_21,46577.46,2025-11-21
Customer_150,35039.43,2025-11-21
Customer_85,27540.98,2025-11-21
Customer_21,7629.24,2025-11-21
Customer_194,45805.93,2025-11-21
Customer_37,5943.05,2025-11-22
Customer_45,47790.94,2025-11-22
Customer_78,48215.56,2025-11-22
Customer_175,49477.55,2025-11-22
Customer_56,15939.74,2025-11-23
Customer_195,13350.58,2025-11-23
Customer_18,984.13,2025-11-24
Customer_121,37990.28,2025-11-24
Customer_8,23247.16,2025-11-24
Customer_50,24227.55,2025-11-24
Customer_102,37182.08,2025-11-24
Customer_207,11902.34,2025-11-24
Customer_133,48911.76,2025-11-24
Customer_114,5011.9,2025-11-24
Customer_145,20136.49,2025-11-25
Customer_119,13655.11,2025-11-25
Customer_116,10256.04,2025-11-25
Customer_104,31406.89,2025-11-26
Customer_212,24495.76,2025-11-26
Customer_193,18961.13,2025-11-26
Customer_177,34547.87,2025-11-26
Customer_19,15975.69,2025-11-26
Customer_111,7176.47,2025-11-26
Customer_59,31590.98,2025-11-26
Customer_119,39239.66,2025-11-26
Customer_9,27892.3,2025-11-27
Customer_44,14340.24,2025-11-27
Customer_26,38233.35,2025-11-27
Customer_101,24927.78,2025-11-28
Customer_85,15524.91,2025-11-28
Customer_51,27472.63,2025-11-28
Customer_153,48045.9,2025-11-28
Customer_131,27543.36,2025-11-28
Customer_139,11028.23,2025-11-28
Customer_17,31328.19,2025-11-28
Customer_189,41544.1,2025-11-28
Customer_64,6117.16,2025-11-29
Customer_67,2365.71,2025-11-29
Customer_58,36115.7,2025-11-29
Customer_88,25208.88,2025-11-29
Customer_110,24625.11,2025-11-30
Customer_121,3713.98,2025-11-30
Customer_117,32898.68,2025-11-30
Customer_49,4663.71,2025-11-30
Customer_66,48818.02,2025-12-01
Customer_101,19942.31,2025-12-01
Customer_175,32746.45,2025-12-01
Customer_169,37471.1,2025-12-01
Customer_33,32125.51,2025-12-01
Customer_216,10993.0,2025-12-01
Customer_89,4837.37,2025-12-01
Customer_120,28240.88,2025-12-01
Customer_183,19363.7,2025-12-01
Customer_117,36768.34,2025-12-02
Customer_102,21355.37,2025-12-02
Customer_184,46102.01,2025-12-02
Customer_57,42960.23,2025-12-02
Customer_155,26809.33,2025-12-03
Customer_154,3218.92,2025-12-03
Customer_152,42841.19,2025-12-03
Customer_68,40319.69,2025-12-03
Customer_194,11541.45,2025-12-04
Customer_84,17659.85,2025-12-04
Customer_105,18125.14,2025-12-05
Customer_74,16945.71,2025-12-05
Customer_190,7970.89,2025-12-05
Customer_81,28155.58,2025-12-05
Customer_129,42334.85,2025-12-06
Customer_169,29659.42,2025-12-06
Customer_139,28924.73,2025-12-07
Customer_62,21846.39,2025-12-07
Customer_31,45632.95,2025-12-07
Customer_76,44664.26,2025-12-08
Customer_50,17564.76,2025-12-08
Customer_117,13403.03,2025-12-08
Customer_60,26568.11,2025-12-09
Customer_65,1559.4,2025-12-09
Customer_47,45195.47,2025-12-10
Customer_99,12315.92,2025-12-10
Customer_36,16455.77,2025-12-10
Customer_193,27691.82,2025-12-10
Customer_76,48833.39,2025-12-10
Customer_100,2351.1,2025-12-10
Customer_117,38565.94,2025-12-11
Customer_119,48871.56,2025-12-11
Customer_21,802.78,2025-12-11
Customer_41,21706.06,2025-12-11
Customer_182,37807.02,2025-12-11
Customer_204,22549.11,2025-12-12
Customer_173,30358.7,2025-12-12
Customer_60,46623.34,2025-12-13
Customer_21,39442.46,2025-12-13
Customer_131,9901.63,2025-12-13
Customer_1,41578.72,2025-12-13
Customer_191,5062.77,2025-12-14
Customer_79,32934.28,2025-12-14
Customer_194,41854.5,2025-12-14
Customer_33,37977.54,2025-12-14
Customer_88,38847.23,2025-12-15
Customer_7,29378.3,2025-12-15
Customer_172,17065.62,2025-12-15
Customer_77,17700.44,2025-12-15
Customer_201,3038.31,2025-12-15
Customer_42,43299.75,2025-12-15
Customer_189,38073.36,2025-12-16
Customer_33,26294.8,2025-12-16
Customer_61,23155.03,2025-12-17
Customer_120,44546.49,2025-12-17
Customer_105,12289.07,2025-12-18
Customer_57,18450.12,2025-12-18
Customer_13,14427.36,2025-12-18
Customer_31,28455.67,2025-12-18
Customer_130,23626.76,2025-12-18
Customer_113,26830.15,2025-12-19
Customer_49,31220.54,2025-12-19
Customer_45,34810.75,2025-12-20
Customer_140,40506.0,2025-12-20
Customer_69,4386.67,2025-12-20
Customer_120,32070.85,2025-12-20
Customer_140,40211.61,2025-12-20
Customer_26,35354.52,2025-12-21
Customer_47,46106.2,2025-12-21
Customer_128,9788.66,2025-12-21
Customer_123,48839.7,2025-12-21
Customer_209,20970.43,2025-12-22
Customer_213,38460.49,2025-12-23
Customer_109,49399.67,2025-12-23
Customer_65,41756.22,2025-12-23
Customer_4,5078.1,2025-12-23
Customer_125,44579.38,2025-12-23
Customer_128,7474.6,2025-12-24
Customer_135,16369.8,2025-12-24
Customer_50,5155.46,2025-12-24
Customer_158,23763.17,2025-12-24
Customer_11,4356.14,2025-12-25
Customer_35,35265.63,2025-12-25
Customer_217,10069.14,2025-12-26
Customer_150,31483.38,2025-12-26
Customer_211,34984.26,2025-12-26
Customer_172,16861.55,2025-12-26
Customer_136,29093.36,2025-12-27
Customer_56,8673.0,2025-12-27
Customer_64,26781.19,2025-12-27
Customer_49,2412.12,2025-12-27
Customer_215,31122.81,2025-12-27
Customer_15,1137.52,2025-12-27
Customer_112,11807.77,2025-12-28
Customer_175,48676.53,2025-12-28
Customer_204,1383.56,2025-12-28
Customer_92,25958.11,2025-12-28
Customer_62,45002.45,2025-12-28
Customer_213,24803.35,2025-12-28
Customer_147,48651.66,2025-12-28
Customer_4,17929.33,2025-12-28
Customer_164,25748.82,2025-12-29
Customer_112,49859.21,2025-12-29
Customer_39,25072.29,2025-12-29
Customer_59,47456.76,2025-12-29
Customer_214,31509.73,2025-12-29
Customer_182,31369.81,2025-12-29
Customer_113,37921.67,2025-12-29
Customer_6,37150.33,2025-12-29
Customer_75,2019.75,2025-12-30
Customer_1,31906.33,2025-12-30
Customer_117,43045.5,2025-12-30
Customer_196,24349.11,2025-12-30
Customer_5,45380.59,2025-12-31
Customer_93,33670.63,2025-12-31
